﻿<?xml version="1.0" encoding="UTF-8" standalone="yes"?>
<addon id="plugin.video.braziltv" name="BrazilTV" version="0.5" provider-name="teamBrazilTV">
  <requires>
    <import addon="xbmc.python" version="2.1.0"/>
  </requires>
  <extension point="xbmc.python.pluginsource" library="addon.py">
    <provides>video</provides>
  </extension>
  <extension point="xbmc.addon.metadata">
    <summary lang="en">IPTV livre para todos.</summary>
    <description lang="en">Não hospedamos nem temos ligação com nenhum dos conteúdos deste addon, apenas reunimos links de transmissões públicas feitas por terceiros. A estabilidade 100% dos canais não é garantida, mas estamos trabalhando diariamente para tentar mantê-la. Fique atento a atualizações futuras em nosso site oficial.

[COLOR yellow]Requer os addons F4mProxy e f4mTester para funcionar.[/COLOR]</description>
    <assets>
        <icon>icon.png</icon>
        <fanart>fanart.jpg</fanart>
    </assets>
    <website>http://bit.ly/BrazilTVKodi</website>
    <news>[COLOR lime]v0.5 - Correções de segurança.[/COLOR]</news>
  </extension>
</addon>